time,source_ip,destination_ip,protocol,packet_size,source_port,destination_port,service
23:23:06,13.89.179.13,10.141.108.45,TCP,66,443,60275,Unknown
23:23:06,104.16.117.55,10.141.108.45,TCP,208,443,51233,Unknown
23:23:06,104.16.117.55,10.141.108.45,TCP,66,443,51233,Unknown
23:23:06,10.141.108.114,10.141.108.45,TCP,55,53,54873,Unknown
23:23:06,10.141.108.45,104.16.117.55,TCP,66,51233,443,HTTPS
23:23:06,10.141.108.114,10.141.108.45,TCP,55,53,56004,Unknown
23:23:06,10.141.108.114,10.141.108.45,TCP,55,53,63369,Unknown
23:23:06,10.141.108.45,10.141.108.114,TCP,54,56004,53,DNS
23:23:06,10.141.108.45,10.141.108.114,TCP,54,54873,53,DNS
23:23:06,10.141.108.45,10.141.108.114,TCP,54,63369,53,DNS
23:23:06,13.89.179.13,10.141.108.45,TCP,66,443,60275,Unknown
23:23:06,10.141.108.114,10.141.108.45,TCP,215,53,54873,Unknown
23:23:06,10.141.108.114,10.141.108.45,TCP,112,53,56004,Unknown
23:23:06,10.141.108.114,10.141.108.45,TCP,311,53,63369,Unknown
23:23:06,10.141.108.45,10.141.108.114,TCP,54,61533,53,DNS
23:23:06,10.141.108.45,10.141.108.114,TCP,54,63369,53,DNS
23:23:06,10.141.108.45,10.141.108.114,TCP,54,58031,53,DNS
23:23:06,10.141.108.45,10.141.108.114,TCP,54,56004,53,DNS
23:23:06,10.141.108.45,10.141.108.114,TCP,54,62705,53,DNS
23:23:06,10.141.108.45,10.141.108.114,TCP,54,54873,53,DNS
23:23:06,10.141.108.45,104.16.117.55,TCP,192,51233,443,HTTPS
23:23:06,10.141.108.114,10.141.108.45,TCP,54,53,63369,Unknown
23:23:06,10.141.108.114,10.141.108.45,TCP,54,53,54873,Unknown
23:23:06,10.141.108.114,10.141.108.45,TCP,54,53,56004,Unknown
23:23:06,104.16.117.55,10.141.108.45,TCP,208,443,51233,Unknown
23:23:06,104.16.117.55,10.141.108.45,TCP,66,443,51233,Unknown
23:23:06,104.21.38.94,10.141.108.45,UDP,70,443,54371,Unknown
23:23:06,104.21.38.94,10.141.108.45,UDP,70,443,54371,Unknown
23:23:06,13.89.179.13,10.141.108.45,TCP,66,443,60275,Unknown
23:23:06,10.141.108.45,10.141.108.114,TCP,54,63369,53,DNS
23:23:06,10.141.108.45,10.141.108.114,TCP,54,54873,53,DNS
23:23:06,10.141.108.45,10.141.108.114,TCP,54,56004,53,DNS
23:23:06,10.141.108.45,104.16.117.55,TCP,66,51233,443,HTTPS
23:23:06,23.155.96.128,10.141.108.45,TCP,70,443,51009,Unknown
23:23:06,10.141.108.114,10.141.108.45,TCP,54,53,58031,Unknown
23:23:06,10.141.108.114,10.141.108.45,TCP,54,53,61533,Unknown
23:23:06,13.89.179.13,10.141.108.45,TCP,66,443,62706,Unknown
23:23:06,13.89.179.13,10.141.108.45,TCP,219,443,60275,Unknown
23:23:06,104.16.117.55,10.141.108.45,TCP,66,443,51233,Unknown
23:23:06,10.141.108.114,10.141.108.45,TCP,54,53,62705,Unknown
23:23:06,10.141.108.45,13.89.179.13,TCP,66,60275,443,HTTPS
23:23:06,10.141.108.45,13.89.179.13,TCP,54,62706,443,HTTPS
23:23:06,10.141.108.45,10.141.108.114,TCP,66,61674,53,DNS
23:23:06,10.141.108.45,10.141.108.114,TCP,66,65371,53,DNS
23:23:06,10.141.108.45,10.141.108.114,TCP,66,63352,53,DNS
23:23:06,10.141.108.114,10.141.108.45,TCP,66,53,61674,Unknown
23:23:06,10.141.108.114,10.141.108.45,TCP,66,53,65371,Unknown
23:23:06,10.141.108.114,10.141.108.45,TCP,66,53,63352,Unknown
23:23:06,10.141.108.45,13.89.179.13,TCP,613,62706,443,HTTPS
23:23:06,10.141.108.45,10.141.108.114,TCP,54,61674,53,DNS
23:23:06,10.141.108.45,10.141.108.114,TCP,54,65371,53,DNS
23:23:06,10.141.108.45,10.141.108.114,TCP,54,63352,53,DNS
23:23:06,10.141.108.45,10.141.108.114,TCP,56,61674,53,DNS
23:23:06,10.141.108.45,10.141.108.114,TCP,91,61674,53,DNS
23:23:07,10.141.108.45,10.141.108.114,TCP,56,65371,53,DNS
23:23:07,10.141.108.45,10.141.108.114,TCP,91,65371,53,DNS
23:23:07,10.141.108.45,10.141.108.114,TCP,56,63352,53,DNS
23:23:07,10.141.108.45,10.141.108.114,TCP,91,63352,53,DNS
23:23:07,10.141.108.114,10.141.108.45,TCP,54,53,61674,Unknown
23:23:07,10.141.108.114,10.141.108.45,TCP,54,53,61674,Unknown
23:23:07,10.141.108.114,10.141.108.45,TCP,54,53,65371,Unknown
23:23:07,10.141.108.114,10.141.108.45,TCP,54,53,65371,Unknown
23:23:07,10.141.108.114,10.141.108.45,TCP,54,53,63352,Unknown
23:23:07,10.141.108.114,10.141.108.45,TCP,54,53,63352,Unknown
23:23:07,104.16.117.55,10.141.108.45,TCP,54,443,51233,Unknown
23:23:07,104.16.117.55,10.141.108.45,TCP,54,443,51233,Unknown
23:23:07,104.16.117.55,10.141.108.45,TCP,137,443,51233,Unknown
23:23:07,104.16.117.55,10.141.108.45,TCP,94,443,51233,Unknown
23:23:07,104.16.117.55,10.141.108.45,TCP,85,443,51233,Unknown
23:23:07,104.16.117.55,10.141.108.45,TCP,85,443,51233,Unknown
23:23:07,10.141.108.45,104.16.117.55,TCP,66,51233,443,HTTPS
23:23:07,104.16.117.55,10.141.108.45,TCP,66,443,51233,Unknown
23:23:07,13.89.179.13,10.141.108.45,TCP,66,443,62706,Unknown
23:23:07,104.16.117.55,10.141.108.45,TCP,66,443,51233,Unknown
23:23:07,10.141.108.45,13.89.179.13,TCP,66,62706,443,HTTPS
23:23:07,10.141.108.114,10.141.108.45,TCP,55,53,61533,Unknown
23:23:07,10.141.108.114,10.141.108.45,TCP,311,53,61533,Unknown
23:23:07,10.141.108.45,10.141.108.114,TCP,54,61533,53,DNS
23:23:07,10.141.108.114,10.141.108.45,TCP,55,53,59219,Unknown
23:23:07,10.141.108.114,10.141.108.45,TCP,55,53,53834,Unknown
23:23:07,10.141.108.114,10.141.108.45,TCP,55,53,54779,Unknown
23:23:07,10.141.108.114,10.141.108.45,TCP,55,53,58031,Unknown
23:23:07,10.141.108.114,10.141.108.45,TCP,55,53,62705,Unknown
23:23:07,10.141.108.114,10.141.108.45,TCP,55,53,57307,Unknown
23:23:07,10.141.108.114,10.141.108.45,TCP,112,53,58031,Unknown
23:23:07,10.141.108.114,10.141.108.45,TCP,215,53,62705,Unknown
23:23:07,10.141.108.114,10.141.108.45,TCP,55,53,52106,Unknown
23:23:07,10.141.108.45,10.141.108.114,TCP,54,58031,53,DNS
23:23:07,10.141.108.45,10.141.108.114,TCP,54,62705,53,DNS
23:23:07,10.141.108.114,10.141.108.45,TCP,55,53,55861,Unknown
23:23:07,10.141.108.114,10.141.108.45,TCP,55,53,61737,Unknown
23:23:07,10.141.108.114,10.141.108.45,TCP,55,53,52832,Unknown
23:23:07,10.141.108.45,104.16.117.55,TCP,157,51233,443,HTTPS
23:23:07,10.141.108.114,10.141.108.45,TCP,55,53,65371,Unknown
23:23:07,10.141.108.114,10.141.108.45,TCP,55,53,61674,Unknown
23:23:07,10.141.108.45,10.141.108.114,TCP,54,53834,53,DNS
23:23:07,10.141.108.45,10.141.108.114,TCP,54,59219,53,DNS
23:23:07,10.141.108.45,10.141.108.114,TCP,54,61737,53,DNS
23:23:07,10.141.108.45,10.141.108.114,TCP,54,54779,53,DNS
23:23:07,10.141.108.45,10.141.108.114,TCP,54,57307,53,DNS
23:23:07,10.141.108.45,10.141.108.114,TCP,54,52106,53,DNS
23:23:07,10.141.108.45,10.141.108.114,TCP,54,52832,53,DNS
23:23:07,10.141.108.45,10.141.108.114,TCP,54,55861,53,DNS
23:23:07,104.16.117.55,10.141.108.45,TCP,54,443,51233,Unknown
23:23:07,10.141.108.114,10.141.108.45,TCP,153,53,59219,Unknown
23:23:07,10.141.108.45,10.141.108.114,TCP,54,57307,53,DNS
23:23:07,10.141.108.45,10.141.108.114,TCP,54,59219,53,DNS
23:23:07,10.141.108.114,10.141.108.45,TCP,141,53,53834,Unknown
23:23:07,10.141.108.45,10.141.108.114,TCP,54,61737,53,DNS
23:23:07,10.141.108.45,10.141.108.114,TCP,54,53834,53,DNS
23:23:07,10.141.108.114,10.141.108.45,TCP,153,53,57307,Unknown
23:23:07,10.141.108.114,10.141.108.45,TCP,141,53,61737,Unknown
23:23:07,10.141.108.114,10.141.108.45,TCP,206,53,52832,Unknown
23:23:07,10.141.108.114,10.141.108.45,TCP,206,53,55861,Unknown
23:23:07,10.141.108.114,10.141.108.45,TCP,282,53,52106,Unknown
23:23:07,10.141.108.114,10.141.108.45,TCP,137,53,54779,Unknown
23:23:07,10.141.108.45,10.141.108.114,TCP,54,57307,53,DNS
23:23:07,10.141.108.45,10.141.108.114,TCP,54,61737,53,DNS
23:23:07,10.141.108.114,10.141.108.45,TCP,54,53,57307,Unknown
23:23:07,10.141.108.114,10.141.108.45,TCP,54,53,59219,Unknown
23:23:07,10.141.108.45,10.141.108.114,TCP,54,59219,53,DNS
23:23:07,10.141.108.114,10.141.108.45,TCP,54,53,61737,Unknown
23:23:07,10.141.108.45,10.141.108.114,TCP,54,52106,53,DNS
23:23:07,10.141.108.45,10.141.108.114,TCP,54,52832,53,DNS
23:23:07,10.141.108.45,10.141.108.114,TCP,54,52832,53,DNS
23:23:07,10.141.108.45,10.141.108.114,TCP,54,55861,53,DNS
23:23:07,10.141.108.45,10.141.108.114,TCP,54,54779,53,DNS
23:23:07,104.16.117.55,10.141.108.45,TCP,137,443,51233,Unknown
23:23:07,104.16.117.55,10.141.108.45,TCP,94,443,51233,Unknown
23:23:07,104.16.117.55,10.141.108.45,TCP,85,443,51233,Unknown
23:23:07,10.141.108.45,104.16.117.55,TCP,54,51233,443,HTTPS
23:23:07,10.141.108.114,10.141.108.45,TCP,54,53,52106,Unknown
23:23:07,10.141.108.114,10.141.108.45,TCP,54,53,52832,Unknown
23:23:07,10.141.108.114,10.141.108.45,TCP,54,53,55861,Unknown
23:23:07,10.141.108.114,10.141.108.45,TCP,54,53,54779,Unknown
23:23:07,10.141.108.45,10.141.108.114,TCP,54,52106,53,DNS
23:23:07,10.141.108.45,10.141.108.114,TCP,54,55861,53,DNS
23:23:07,10.141.108.45,10.141.108.114,TCP,54,54779,53,DNS
23:23:07,10.141.108.114,10.141.108.45,TCP,54,53,53834,Unknown
23:23:07,10.141.108.45,10.141.108.114,TCP,54,53834,53,DNS
23:23:07,10.141.108.45,10.141.108.114,TCP,54,65371,53,DNS
23:23:07,10.141.108.45,10.141.108.114,TCP,54,61674,53,DNS
23:23:07,10.141.108.114,10.141.108.45,TCP,212,53,65371,Unknown
23:23:07,10.141.108.114,10.141.108.45,TCP,212,53,61674,Unknown
23:23:07,10.141.108.45,10.141.108.114,TCP,54,65371,53,DNS
23:23:07,10.141.108.45,10.141.108.114,TCP,54,61674,53,DNS
23:23:07,10.141.108.114,10.141.108.45,TCP,54,53,65371,Unknown
23:23:07,10.141.108.45,10.141.108.114,TCP,54,65371,53,DNS
23:23:07,10.141.108.114,10.141.108.45,TCP,54,53,61674,Unknown
23:23:07,10.141.108.45,10.141.108.114,TCP,54,61674,53,DNS
23:23:07,10.141.108.45,104.16.117.55,TCP,157,51233,443,HTTPS
23:23:07,10.141.108.45,142.250.203.174,UDP,381,62571,443,HTTPS
23:23:07,13.89.179.13,10.141.108.45,TCP,1454,443,62706,Unknown
23:23:07,10.141.108.45,13.89.179.13,TCP,54,62706,443,HTTPS
23:23:07,10.141.108.114,10.141.108.45,TCP,55,53,63352,Unknown
23:23:07,13.89.179.13,10.141.108.45,TCP,4254,443,62706,Unknown
23:23:07,10.141.108.45,13.89.179.13,TCP,54,62706,443,HTTPS
23:23:07,104.16.117.55,10.141.108.45,TCP,114,443,51233,Unknown
23:23:07,104.16.117.55,10.141.108.45,TCP,94,443,51233,Unknown
23:23:07,10.141.108.45,104.16.117.55,TCP,54,51233,443,HTTPS
23:23:07,104.16.117.55,10.141.108.45,TCP,85,443,51233,Unknown
23:23:07,10.141.108.45,10.141.108.114,TCP,54,63352,53,DNS
23:23:07,10.141.108.114,10.141.108.45,TCP,138,53,63352,Unknown
23:23:07,10.141.108.45,10.141.108.114,TCP,54,63352,53,DNS
23:23:07,10.141.108.45,34.54.194.141,UDP,1292,57931,443,HTTPS
23:23:07,10.141.108.45,34.54.194.141,UDP,1292,57931,443,HTTPS
23:23:07,10.141.108.114,10.141.108.45,TCP,54,53,63352,Unknown
23:23:07,10.141.108.45,10.141.108.114,TCP,54,63352,53,DNS
23:23:07,10.141.108.45,104.16.117.55,TCP,54,51233,443,HTTPS
23:23:07,142.250.203.174,10.141.108.45,UDP,70,443,62571,Unknown
23:23:07,10.141.108.45,142.250.203.174,UDP,74,62571,443,HTTPS
23:23:07,34.54.194.141,10.141.108.45,UDP,82,443,57931,Unknown
23:23:07,34.54.194.141,10.141.108.45,UDP,1292,443,57931,Unknown
23:23:07,142.250.203.174,10.141.108.45,UDP,64,443,62571,Unknown
23:23:07,10.141.108.45,142.250.203.174,UDP,75,62571,443,HTTPS
23:23:07,34.54.194.141,10.141.108.45,UDP,1292,443,57931,Unknown
23:23:07,34.54.194.141,10.141.108.45,UDP,1292,443,57931,Unknown
23:23:07,34.54.194.141,10.141.108.45,UDP,824,443,57931,Unknown
23:23:07,10.141.108.45,34.54.194.141,UDP,81,57931,443,HTTPS
23:23:07,10.141.108.45,34.54.194.141,UDP,131,57931,443,HTTPS
23:23:07,10.141.108.45,34.54.194.141,UDP,113,57931,443,HTTPS
23:23:07,10.141.108.45,34.54.194.141,UDP,503,57931,443,HTTPS
23:23:07,13.89.179.13,10.141.108.45,TCP,2854,443,62706,Unknown
23:23:07,10.141.108.45,13.89.179.13,TCP,54,62706,443,HTTPS
23:23:07,13.89.179.13,10.141.108.45,TCP,160,443,62706,Unknown
23:23:07,10.141.108.45,13.89.179.13,TCP,54,62706,443,HTTPS
23:23:07,10.141.108.45,13.89.179.13,TCP,134,62706,443,HTTPS
23:23:07,10.141.108.45,13.89.179.13,TCP,1183,62706,443,HTTPS
23:23:07,10.141.108.45,13.89.179.13,TCP,1571,62706,443,HTTPS
23:23:07,10.141.108.45,104.16.117.55,TCP,157,51233,443,HTTPS
23:23:07,34.54.194.141,10.141.108.45,UDP,627,443,57931,Unknown
23:23:07,34.54.194.141,10.141.108.45,UDP,164,443,57931,Unknown
23:23:07,10.141.108.45,34.54.194.141,UDP,73,57931,443,HTTPS
23:23:07,34.54.194.141,10.141.108.45,UDP,69,443,57931,Unknown
23:23:07,34.54.194.141,10.141.108.45,UDP,239,443,57931,Unknown
23:23:07,104.16.117.55,10.141.108.45,TCP,114,443,51233,Unknown
23:23:07,104.16.117.55,10.141.108.45,TCP,94,443,51233,Unknown
23:23:07,104.16.117.55,10.141.108.45,TCP,85,443,51233,Unknown
23:23:07,10.141.108.45,104.16.117.55,TCP,54,51233,443,HTTPS
23:23:07,10.141.108.45,34.54.194.141,UDP,77,57931,443,HTTPS
23:23:07,10.141.108.45,104.16.117.55,TCP,157,51233,443,HTTPS
23:23:07,104.16.117.55,10.141.108.45,TCP,114,443,51233,Unknown
23:23:07,104.16.117.55,10.141.108.45,TCP,94,443,51233,Unknown
23:23:07,10.141.108.45,104.16.117.55,TCP,54,51233,443,HTTPS
23:23:07,104.16.117.55,10.141.108.45,TCP,85,443,51233,Unknown
23:23:07,10.141.108.45,104.16.117.55,TCP,54,51233,443,HTTPS
23:23:07,13.89.179.13,10.141.108.45,TCP,157,443,62706,Unknown
23:23:07,10.141.108.45,13.89.179.13,TCP,54,62706,443,HTTPS
23:23:07,34.54.194.141,10.141.108.45,UDP,66,443,57931,Unknown
23:23:07,13.89.179.13,10.141.108.45,TCP,54,443,62706,Unknown
23:23:07,13.89.179.13,10.141.108.45,TCP,54,443,62706,Unknown
23:23:07,13.89.179.13,10.141.108.45,TCP,500,443,62706,Unknown
23:23:07,10.141.108.45,13.89.179.13,TCP,54,62706,443,HTTPS
23:23:08,10.141.108.45,104.16.117.55,TCP,157,51233,443,HTTPS
23:23:08,104.16.117.55,10.141.108.45,TCP,137,443,51233,Unknown
23:23:08,104.16.117.55,10.141.108.45,TCP,94,443,51233,Unknown
23:23:08,104.16.117.55,10.141.108.45,TCP,85,443,51233,Unknown
23:23:08,10.141.108.45,104.16.117.55,TCP,54,51233,443,HTTPS
23:23:08,10.141.108.45,104.16.117.55,TCP,157,51233,443,HTTPS
23:23:08,104.16.117.55,10.141.108.45,TCP,114,443,51233,Unknown
23:23:08,104.16.117.55,10.141.108.45,TCP,94,443,51233,Unknown
23:23:08,10.141.108.45,104.16.117.55,TCP,54,51233,443,HTTPS
23:23:08,104.16.117.55,10.141.108.45,TCP,85,443,51233,Unknown
23:23:08,10.141.108.45,104.16.117.55,TCP,54,51233,443,HTTPS
23:23:08,10.141.108.45,104.16.117.55,TCP,157,51233,443,HTTPS
23:23:08,104.16.117.55,10.141.108.45,TCP,114,443,51233,Unknown
23:23:08,104.16.117.55,10.141.108.45,TCP,94,443,51233,Unknown
23:23:08,104.16.117.55,10.141.108.45,TCP,85,443,51233,Unknown
23:23:08,10.141.108.45,104.16.117.55,TCP,54,51233,443,HTTPS
23:23:08,10.141.108.45,188.114.97.6,TCP,66,59283,443,HTTPS
23:23:08,10.141.108.45,188.114.96.6,TCP,66,59093,443,HTTPS
23:23:08,142.250.203.174,10.141.108.45,UDP,137,443,62571,Unknown
23:23:08,10.141.108.45,142.250.203.174,UDP,79,62571,443,HTTPS
23:23:08,142.250.203.174,10.141.108.45,UDP,247,443,62571,Unknown
23:23:08,10.141.108.45,142.250.203.174,UDP,75,62571,443,HTTPS
23:23:08,10.141.108.45,10.141.108.114,TCP,66,56235,53,DNS
23:23:08,10.141.108.45,10.141.108.114,TCP,66,64038,53,DNS
23:23:08,10.141.108.45,10.141.108.114,TCP,66,52564,53,DNS
23:23:08,10.141.108.114,10.141.108.45,TCP,66,53,56235,Unknown
23:23:08,10.141.108.114,10.141.108.45,TCP,66,53,64038,Unknown
23:23:08,10.141.108.45,10.141.108.114,TCP,54,56235,53,DNS
23:23:08,10.141.108.45,10.141.108.114,TCP,54,64038,53,DNS
23:23:08,10.141.108.114,10.141.108.45,TCP,66,53,52564,Unknown
23:23:08,10.141.108.45,10.141.108.114,TCP,54,52564,53,DNS
23:23:08,10.141.108.45,10.141.108.114,TCP,56,56235,53,DNS
23:23:08,10.141.108.45,10.141.108.114,TCP,103,56235,53,DNS
23:23:08,10.141.108.45,10.141.108.114,TCP,56,64038,53,DNS
23:23:08,10.141.108.45,10.141.108.114,TCP,103,64038,53,DNS
23:23:08,10.141.108.45,10.141.108.114,TCP,56,52564,53,DNS
23:23:08,10.141.108.45,10.141.108.114,TCP,103,52564,53,DNS
23:23:08,10.141.108.114,10.141.108.45,TCP,54,53,56235,Unknown
23:23:08,10.141.108.114,10.141.108.45,TCP,54,53,56235,Unknown
23:23:08,10.141.108.114,10.141.108.45,TCP,54,53,64038,Unknown
23:23:08,10.141.108.114,10.141.108.45,TCP,54,53,64038,Unknown
23:23:08,10.141.108.114,10.141.108.45,TCP,54,53,52564,Unknown
23:23:08,10.141.108.114,10.141.108.45,TCP,54,53,52564,Unknown
23:23:08,142.250.203.174,10.141.108.45,UDP,66,443,62571,Unknown
23:23:08,10.141.108.114,10.141.108.45,TCP,55,53,52564,Unknown
23:23:08,10.141.108.114,10.141.108.45,TCP,55,53,64038,Unknown
23:23:08,10.141.108.45,104.16.117.55,TCP,157,51233,443,HTTPS
23:23:08,10.141.108.45,10.141.108.114,TCP,54,52564,53,DNS
23:23:08,10.141.108.114,10.141.108.45,TCP,280,53,52564,Unknown
23:23:08,10.141.108.45,10.141.108.114,TCP,54,52564,53,DNS
23:23:08,10.141.108.114,10.141.108.45,TCP,54,53,52564,Unknown
23:23:08,10.141.108.45,10.141.108.114,TCP,54,52564,53,DNS
23:23:08,10.141.108.45,10.141.108.114,TCP,54,64038,53,DNS
23:23:08,10.141.108.114,10.141.108.45,TCP,216,53,64038,Unknown
23:23:08,10.141.108.45,10.141.108.114,TCP,54,64038,53,DNS
23:23:08,10.141.108.114,10.141.108.45,TCP,54,53,64038,Unknown
23:23:08,10.141.108.45,10.141.108.114,TCP,54,64038,53,DNS
23:23:08,104.16.117.55,10.141.108.45,TCP,114,443,51233,Unknown
23:23:08,104.16.117.55,10.141.108.45,TCP,94,443,51233,Unknown
23:23:08,104.16.117.55,10.141.108.45,TCP,85,443,51233,Unknown
23:23:08,10.141.108.45,104.16.117.55,TCP,54,51233,443,HTTPS
23:23:08,10.141.108.45,10.141.108.114,TCP,54,56235,53,DNS
23:23:08,10.141.108.45,34.54.194.141,UDP,1012,57931,443,HTTPS
23:23:08,10.141.108.114,10.141.108.45,TCP,55,53,56235,Unknown
23:23:08,10.141.108.114,10.141.108.45,TCP,161,53,56235,Unknown
23:23:08,10.141.108.45,10.141.108.114,TCP,54,56235,53,DNS
23:23:09,34.54.194.141,10.141.108.45,UDP,70,443,57931,Unknown
23:23:09,10.141.108.45,34.54.194.141,UDP,74,57931,443,HTTPS
23:23:09,34.54.194.141,10.141.108.45,UDP,284,443,57931,Unknown
23:23:09,10.141.108.45,34.54.194.141,UDP,78,57931,443,HTTPS
23:23:09,10.141.108.45,188.114.97.6,TCP,66,59283,443,HTTPS
23:23:09,34.54.194.141,10.141.108.45,UDP,66,443,57931,Unknown
23:23:09,10.141.108.114,10.141.108.45,TCP,55,53,52281,Unknown
23:23:09,10.141.108.114,10.141.108.45,TCP,92,53,52281,Unknown
23:23:09,10.141.108.45,10.141.108.114,TCP,54,52281,53,DNS
23:23:10,10.141.108.45,23.155.96.128,TCP,148,57495,443,HTTPS
23:23:10,10.141.108.45,23.155.96.128,TCP,93,57495,443,HTTPS
23:23:10,23.155.96.128,10.141.108.45,TCP,58,443,57495,Unknown
23:23:10,23.155.96.128,10.141.108.45,TCP,1272,443,57495,Unknown
23:23:10,23.155.96.128,10.141.108.45,TCP,552,443,57495,Unknown
23:23:10,10.141.108.45,23.155.96.128,TCP,54,57495,443,HTTPS
23:23:10,23.155.96.128,10.141.108.45,TCP,97,443,57495,Unknown
23:23:10,10.141.108.45,23.155.96.128,TCP,89,57495,443,HTTPS
23:23:10,23.155.96.128,10.141.108.45,TCP,58,443,57495,Unknown
23:23:11,10.141.108.45,188.114.97.6,TCP,66,59283,443,HTTPS
23:23:11,23.155.96.128,10.141.108.45,TCP,97,443,51009,Unknown
23:23:11,23.155.96.128,10.141.108.45,TCP,82,443,51009,Unknown
23:23:11,23.155.96.128,10.141.108.45,TCP,58,443,51009,Unknown
23:23:11,10.141.108.45,23.155.96.128,TCP,54,51009,443,HTTPS
23:23:12,10.141.108.45,13.89.179.13,TCP,54,60275,443,HTTPS
23:23:12,10.141.108.45,13.89.179.13,TCP,738,61858,443,HTTPS
23:23:13,10.141.108.45,13.89.179.13,TCP,54,60275,443,HTTPS
23:23:14,10.141.108.45,10.141.108.114,TCP,66,58695,53,DNS
23:23:14,10.141.108.45,10.141.108.114,TCP,66,56086,53,DNS
23:23:14,10.141.108.45,10.141.108.114,TCP,66,65470,53,DNS
23:23:14,10.141.108.114,10.141.108.45,TCP,66,53,58695,Unknown
23:23:14,10.141.108.114,10.141.108.45,TCP,66,53,56086,Unknown
23:23:14,10.141.108.114,10.141.108.45,TCP,66,53,65470,Unknown
23:23:14,10.141.108.45,10.141.108.114,TCP,54,58695,53,DNS
23:23:14,10.141.108.45,10.141.108.114,TCP,54,56086,53,DNS
23:23:14,10.141.108.45,10.141.108.114,TCP,54,65470,53,DNS
23:23:14,10.141.108.45,10.141.108.114,TCP,56,65470,53,DNS
23:23:14,10.141.108.45,10.141.108.114,TCP,92,65470,53,DNS
23:23:14,10.141.108.45,10.141.108.114,TCP,56,56086,53,DNS
23:23:14,10.141.108.45,10.141.108.114,TCP,92,56086,53,DNS
23:23:14,10.141.108.45,10.141.108.114,TCP,56,58695,53,DNS
23:23:14,10.141.108.45,10.141.108.114,TCP,92,58695,53,DNS
23:23:14,10.141.108.114,10.141.108.45,TCP,54,53,65470,Unknown
23:23:14,10.141.108.114,10.141.108.45,TCP,54,53,65470,Unknown
23:23:14,10.141.108.114,10.141.108.45,TCP,54,53,56086,Unknown
23:23:14,10.141.108.114,10.141.108.45,TCP,54,53,56086,Unknown
23:23:14,10.141.108.114,10.141.108.45,TCP,54,53,58695,Unknown
23:23:14,10.141.108.114,10.141.108.45,TCP,54,53,58695,Unknown
23:23:14,10.141.108.114,10.141.108.45,TCP,55,53,56086,Unknown
23:23:14,10.141.108.114,10.141.108.45,TCP,55,53,65470,Unknown
23:23:14,10.141.108.45,10.141.108.114,TCP,54,56086,53,DNS
23:23:14,10.141.108.45,10.141.108.114,TCP,54,65470,53,DNS
23:23:14,10.141.108.114,10.141.108.45,TCP,121,53,56086,Unknown
23:23:14,10.141.108.114,10.141.108.45,TCP,109,53,65470,Unknown
23:23:14,10.141.108.45,10.141.108.114,TCP,54,56086,53,DNS
23:23:14,10.141.108.45,10.141.108.114,TCP,54,65470,53,DNS
23:23:14,10.141.108.114,10.141.108.45,TCP,54,53,56086,Unknown
23:23:14,10.141.108.45,10.141.108.114,TCP,54,56086,53,DNS
23:23:14,10.141.108.114,10.141.108.45,TCP,54,53,65470,Unknown
23:23:14,10.141.108.45,10.141.108.114,TCP,54,65470,53,DNS
23:23:14,10.141.108.114,10.141.108.45,TCP,55,53,58695,Unknown
23:23:14,10.141.108.45,10.141.108.114,TCP,54,58695,53,DNS
23:23:14,10.141.108.114,10.141.108.45,TCP,144,53,58695,Unknown
23:23:14,10.141.108.114,10.141.108.45,TCP,54,53,58695,Unknown
23:23:14,10.141.108.45,10.141.108.114,TCP,54,58695,53,DNS
23:23:15,10.141.108.45,10.141.108.114,TCP,66,53209,53,DNS
23:23:15,10.141.108.45,10.141.108.114,TCP,66,49666,53,DNS
23:23:15,10.141.108.45,10.141.108.114,TCP,66,58844,53,DNS
23:23:15,10.141.108.114,10.141.108.45,TCP,66,53,53209,Unknown
23:23:15,10.141.108.45,10.141.108.114,TCP,54,53209,53,DNS
23:23:15,10.141.108.45,10.141.108.114,TCP,56,53209,53,DNS
23:23:15,10.141.108.45,10.141.108.114,TCP,87,53209,53,DNS
23:23:15,10.141.108.114,10.141.108.45,TCP,66,53,49666,Unknown
23:23:15,10.141.108.45,10.141.108.114,TCP,54,49666,53,DNS
23:23:15,10.141.108.114,10.141.108.45,TCP,66,53,58844,Unknown
23:23:15,10.141.108.45,10.141.108.114,TCP,54,58844,53,DNS
23:23:15,10.141.108.45,10.141.108.114,TCP,56,49666,53,DNS
23:23:15,10.141.108.45,10.141.108.114,TCP,87,49666,53,DNS
23:23:15,10.141.108.45,10.141.108.114,TCP,56,58844,53,DNS
23:23:15,10.141.108.45,10.141.108.114,TCP,87,58844,53,DNS
23:23:15,10.141.108.114,10.141.108.45,TCP,54,53,53209,Unknown
23:23:15,10.141.108.114,10.141.108.45,TCP,54,53,53209,Unknown
23:23:15,10.141.108.114,10.141.108.45,TCP,54,53,49666,Unknown
23:23:15,10.141.108.114,10.141.108.45,TCP,54,53,49666,Unknown
23:23:15,10.141.108.114,10.141.108.45,TCP,54,53,58844,Unknown
23:23:15,10.141.108.114,10.141.108.45,TCP,54,53,58844,Unknown
23:23:15,10.141.108.45,13.89.179.13,TCP,54,60275,443,HTTPS
23:23:15,10.141.108.114,10.141.108.45,TCP,55,53,53209,Unknown
23:23:15,10.141.108.114,10.141.108.45,TCP,55,53,49666,Unknown
23:23:15,10.141.108.114,10.141.108.45,TCP,55,53,58844,Unknown
23:23:15,10.141.108.45,10.141.108.114,TCP,54,53209,53,DNS
23:23:15,10.141.108.45,10.141.108.114,TCP,54,49666,53,DNS
23:23:15,10.141.108.114,10.141.108.45,TCP,145,53,53209,Unknown
23:23:15,10.141.108.114,10.141.108.45,TCP,116,53,49666,Unknown
23:23:15,10.141.108.45,10.141.108.114,TCP,54,53209,53,DNS
23:23:15,10.141.108.45,10.141.108.114,TCP,54,49666,53,DNS
23:23:15,10.141.108.114,10.141.108.45,TCP,54,53,53209,Unknown
23:23:15,10.141.108.114,10.141.108.45,TCP,54,53,49666,Unknown
23:23:15,10.141.108.45,10.141.108.114,TCP,54,53209,53,DNS
23:23:15,10.141.108.45,10.141.108.114,TCP,54,49666,53,DNS
23:23:15,10.141.108.45,10.141.108.114,TCP,54,58844,53,DNS
23:23:15,10.141.108.114,10.141.108.45,TCP,104,53,58844,Unknown
23:23:15,10.141.108.45,10.141.108.114,TCP,54,58844,53,DNS
23:23:15,10.141.108.114,10.141.108.45,TCP,54,53,58844,Unknown
23:23:15,10.141.108.45,10.141.108.114,TCP,54,58844,53,DNS
23:23:15,10.141.108.45,188.114.97.6,TCP,66,59283,443,HTTPS
23:23:16,10.141.108.45,10.141.108.114,TCP,66,53582,53,DNS
23:23:16,10.141.108.45,10.141.108.114,TCP,66,51573,53,DNS
23:23:16,10.141.108.45,10.141.108.114,TCP,66,50380,53,DNS
23:23:16,10.141.108.114,10.141.108.45,TCP,66,53,53582,Unknown
23:23:16,10.141.108.114,10.141.108.45,TCP,66,53,51573,Unknown
23:23:16,10.141.108.114,10.141.108.45,TCP,66,53,50380,Unknown
23:23:16,10.141.108.45,10.141.108.114,TCP,54,53582,53,DNS
23:23:16,10.141.108.45,10.141.108.114,TCP,54,51573,53,DNS
23:23:16,10.141.108.45,10.141.108.114,TCP,54,50380,53,DNS
23:23:16,10.141.108.45,10.141.108.114,TCP,56,53582,53,DNS
23:23:16,10.141.108.45,10.141.108.114,TCP,87,53582,53,DNS
23:23:16,10.141.108.45,10.141.108.114,TCP,56,50380,53,DNS
23:23:16,10.141.108.45,10.141.108.114,TCP,87,50380,53,DNS
23:23:16,10.141.108.45,10.141.108.114,TCP,56,51573,53,DNS
23:23:16,10.141.108.45,10.141.108.114,TCP,87,51573,53,DNS
23:23:16,10.141.108.114,10.141.108.45,TCP,54,53,53582,Unknown
23:23:16,10.141.108.114,10.141.108.45,TCP,54,53,53582,Unknown
23:23:16,10.141.108.114,10.141.108.45,TCP,54,53,50380,Unknown
23:23:16,10.141.108.114,10.141.108.45,TCP,54,53,50380,Unknown
23:23:16,10.141.108.114,10.141.108.45,TCP,54,53,51573,Unknown
23:23:16,10.141.108.114,10.141.108.45,TCP,54,53,51573,Unknown
23:23:16,10.141.108.114,10.141.108.45,TCP,55,53,53582,Unknown
23:23:16,10.141.108.114,10.141.108.45,TCP,55,53,51573,Unknown
23:23:16,10.141.108.114,10.141.108.45,TCP,55,53,50380,Unknown
23:23:16,10.141.108.45,10.141.108.114,TCP,54,51573,53,DNS
23:23:16,10.141.108.45,10.141.108.114,TCP,54,50380,53,DNS
23:23:16,10.141.108.45,10.141.108.114,TCP,54,53582,53,DNS
23:23:16,10.141.108.114,10.141.108.45,TCP,138,53,53582,Unknown
23:23:16,10.141.108.114,10.141.108.45,TCP,104,53,50380,Unknown
23:23:16,10.141.108.114,10.141.108.45,TCP,116,53,51573,Unknown
23:23:16,10.141.108.45,10.141.108.114,TCP,54,51573,53,DNS
23:23:16,10.141.108.45,10.141.108.114,TCP,54,50380,53,DNS
23:23:16,10.141.108.45,10.141.108.114,TCP,54,53582,53,DNS
23:23:16,10.141.108.114,10.141.108.45,TCP,54,53,51573,Unknown
23:23:16,10.141.108.114,10.141.108.45,TCP,54,53,50380,Unknown
23:23:16,10.141.108.114,10.141.108.45,TCP,54,53,53582,Unknown
23:23:16,10.141.108.45,10.141.108.114,TCP,54,51573,53,DNS
23:23:16,10.141.108.45,10.141.108.114,TCP,54,50380,53,DNS
23:23:16,10.141.108.45,10.141.108.114,TCP,54,53582,53,DNS
23:23:16,10.141.108.45,104.18.38.10,TCP,165,65463,443,HTTPS
23:23:16,10.141.108.45,104.18.38.10,TCP,93,65463,443,HTTPS
23:23:16,10.141.108.45,10.141.108.114,TCP,66,62506,53,DNS
23:23:16,10.141.108.45,10.141.108.114,TCP,66,50056,53,DNS
23:23:16,10.141.108.45,10.141.108.114,TCP,66,64737,53,DNS
23:23:16,10.141.108.114,10.141.108.45,TCP,66,53,62506,Unknown
23:23:16,10.141.108.114,10.141.108.45,TCP,66,53,50056,Unknown
23:23:16,10.141.108.114,10.141.108.45,TCP,66,53,64737,Unknown
23:23:16,10.141.108.45,10.141.108.114,TCP,54,62506,53,DNS
23:23:16,10.141.108.45,10.141.108.114,TCP,54,50056,53,DNS
23:23:16,10.141.108.45,10.141.108.114,TCP,54,64737,53,DNS
23:23:16,10.141.108.45,10.141.108.114,TCP,56,64737,53,DNS
23:23:16,10.141.108.45,10.141.108.114,TCP,87,64737,53,DNS
23:23:16,10.141.108.45,10.141.108.114,TCP,56,50056,53,DNS
23:23:16,10.141.108.45,10.141.108.114,TCP,87,50056,53,DNS
23:23:16,10.141.108.45,10.141.108.114,TCP,56,62506,53,DNS
23:23:16,10.141.108.45,10.141.108.114,TCP,87,62506,53,DNS
23:23:16,10.141.108.114,10.141.108.45,TCP,54,53,64737,Unknown
23:23:16,10.141.108.114,10.141.108.45,TCP,54,53,64737,Unknown
23:23:16,10.141.108.114,10.141.108.45,TCP,54,53,50056,Unknown
23:23:16,10.141.108.114,10.141.108.45,TCP,54,53,50056,Unknown
23:23:16,10.141.108.114,10.141.108.45,TCP,54,53,62506,Unknown
23:23:16,10.141.108.114,10.141.108.45,TCP,54,53,62506,Unknown
23:23:16,104.18.38.10,10.141.108.45,TCP,54,443,65463,Unknown
23:23:16,104.18.38.10,10.141.108.45,TCP,54,443,65463,Unknown
23:23:16,104.18.38.10,10.141.108.45,TCP,93,443,65463,Unknown
23:23:16,10.141.108.114,10.141.108.45,TCP,55,53,62506,Unknown
23:23:16,10.141.108.114,10.141.108.45,TCP,55,53,64737,Unknown
23:23:16,10.141.108.114,10.141.108.45,TCP,55,53,50056,Unknown
23:23:16,10.141.108.45,104.18.38.10,TCP,54,65463,443,HTTPS
23:23:17,10.141.108.45,10.141.108.114,TCP,54,62506,53,DNS
23:23:17,10.141.108.45,10.141.108.114,TCP,54,64737,53,DNS
23:23:17,10.141.108.114,10.141.108.45,TCP,138,53,62506,Unknown
23:23:17,10.141.108.114,10.141.108.45,TCP,104,53,64737,Unknown
23:23:17,10.141.108.45,10.141.108.114,TCP,54,62506,53,DNS
23:23:17,10.141.108.45,10.141.108.114,TCP,54,64737,53,DNS
23:23:17,10.141.108.114,10.141.108.45,TCP,54,53,62506,Unknown
23:23:17,10.141.108.114,10.141.108.45,TCP,54,53,64737,Unknown
23:23:17,10.141.108.45,10.141.108.114,TCP,54,62506,53,DNS
23:23:17,10.141.108.45,10.141.108.114,TCP,54,64737,53,DNS
23:23:17,10.141.108.45,10.141.108.114,TCP,54,50056,53,DNS
23:23:17,10.141.108.114,10.141.108.45,TCP,116,53,50056,Unknown
23:23:17,10.141.108.45,10.141.108.114,TCP,54,50056,53,DNS
23:23:17,10.141.108.114,10.141.108.45,TCP,54,53,50056,Unknown
23:23:17,10.141.108.45,10.141.108.114,TCP,54,50056,53,DNS
23:23:17,104.18.38.10,10.141.108.45,TCP,462,443,65463,Unknown
23:23:17,104.18.38.10,10.141.108.45,TCP,940,443,65463,Unknown
23:23:17,104.18.38.10,10.141.108.45,TCP,85,443,65463,Unknown
23:23:17,10.141.108.45,104.18.38.10,TCP,54,65463,443,HTTPS
23:23:17,10.141.108.45,104.18.38.10,TCP,89,65463,443,HTTPS
23:23:17,10.141.108.45,104.18.38.10,TCP,149,65463,443,HTTPS
23:23:17,104.18.38.10,10.141.108.45,TCP,54,443,65463,Unknown
23:23:17,104.18.38.10,10.141.108.45,TCP,425,443,65463,Unknown
23:23:17,104.18.38.10,10.141.108.45,TCP,831,443,65463,Unknown
23:23:17,104.18.38.10,10.141.108.45,TCP,85,443,65463,Unknown
23:23:17,10.141.108.45,104.18.38.10,TCP,54,65463,443,HTTPS
23:23:17,10.141.108.45,104.18.38.10,TCP,158,65463,443,HTTPS
23:23:17,10.141.108.45,104.18.38.10,TCP,172,65463,443,HTTPS
23:23:17,10.141.108.45,104.18.38.10,TCP,163,65463,443,HTTPS
23:23:17,104.18.38.10,10.141.108.45,TCP,54,443,65463,Unknown
23:23:17,104.18.38.10,10.141.108.45,TCP,54,443,65463,Unknown
23:23:17,10.141.108.45,10.141.108.114,TCP,66,63871,53,DNS
23:23:17,10.141.108.45,10.141.108.114,TCP,66,50910,53,DNS
23:23:17,10.141.108.45,10.141.108.114,TCP,66,50744,53,DNS
23:23:17,10.141.108.114,10.141.108.45,TCP,66,53,63871,Unknown
23:23:17,10.141.108.114,10.141.108.45,TCP,66,53,50910,Unknown
23:23:17,10.141.108.114,10.141.108.45,TCP,66,53,50744,Unknown
23:23:17,10.141.108.45,10.141.108.114,TCP,54,63871,53,DNS
23:23:17,10.141.108.45,10.141.108.114,TCP,54,50910,53,DNS
23:23:17,10.141.108.45,10.141.108.114,TCP,54,50744,53,DNS
23:23:17,10.141.108.45,10.141.108.114,TCP,56,50744,53,DNS
23:23:17,10.141.108.45,10.141.108.114,TCP,108,50744,53,DNS
23:23:17,10.141.108.45,10.141.108.114,TCP,56,50910,53,DNS
23:23:17,10.141.108.45,10.141.108.114,TCP,108,50910,53,DNS
23:23:17,10.141.108.45,10.141.108.114,TCP,56,63871,53,DNS
23:23:17,10.141.108.45,10.141.108.114,TCP,108,63871,53,DNS
23:23:17,10.141.108.114,10.141.108.45,TCP,54,53,50744,Unknown
23:23:17,10.141.108.114,10.141.108.45,TCP,54,53,50744,Unknown
23:23:17,10.141.108.114,10.141.108.45,TCP,54,53,50910,Unknown
23:23:17,10.141.108.114,10.141.108.45,TCP,54,53,50910,Unknown
23:23:17,10.141.108.114,10.141.108.45,TCP,54,53,63871,Unknown
23:23:17,10.141.108.114,10.141.108.45,TCP,54,53,63871,Unknown
23:23:17,104.18.38.10,10.141.108.45,TCP,742,443,65463,Unknown
23:23:17,104.18.38.10,10.141.108.45,TCP,1454,443,65463,Unknown
23:23:17,104.18.38.10,10.141.108.45,TCP,218,443,65463,Unknown
23:23:17,104.18.38.10,10.141.108.45,TCP,85,443,65463,Unknown
23:23:17,10.141.108.45,104.18.38.10,TCP,54,65463,443,HTTPS
23:23:17,10.141.108.114,10.141.108.45,TCP,55,53,63871,Unknown
23:23:17,10.141.108.114,10.141.108.45,TCP,55,53,50744,Unknown
23:23:17,10.141.108.114,10.141.108.45,TCP,55,53,50910,Unknown
23:23:17,10.141.108.45,10.141.108.114,TCP,54,63871,53,DNS
23:23:17,104.18.38.10,10.141.108.45,TCP,447,443,65463,Unknown
23:23:17,104.18.38.10,10.141.108.45,TCP,962,443,65463,Unknown
23:23:17,104.18.38.10,10.141.108.45,TCP,85,443,65463,Unknown
23:23:17,10.141.108.114,10.141.108.45,TCP,159,53,63871,Unknown
23:23:17,10.141.108.45,104.18.38.10,TCP,54,65463,443,HTTPS
23:23:17,10.141.108.45,10.141.108.114,TCP,54,63871,53,DNS
23:23:17,10.141.108.45,10.141.108.114,TCP,54,50910,53,DNS
23:23:17,10.141.108.45,10.141.108.114,TCP,54,50744,53,DNS
23:23:17,104.18.38.10,10.141.108.45,TCP,430,443,65463,Unknown
23:23:17,104.18.38.10,10.141.108.45,TCP,1454,443,65463,Unknown
23:23:17,104.18.38.10,10.141.108.45,TCP,927,443,65463,Unknown
23:23:17,104.18.38.10,10.141.108.45,TCP,85,443,65463,Unknown
23:23:17,10.141.108.114,10.141.108.45,TCP,54,53,63871,Unknown
23:23:17,10.141.108.45,10.141.108.114,TCP,54,63871,53,DNS
23:23:17,10.141.108.45,104.18.38.10,TCP,54,65463,443,HTTPS
23:23:17,10.141.108.114,10.141.108.45,TCP,137,53,50910,Unknown
23:23:17,10.141.108.114,10.141.108.45,TCP,125,53,50744,Unknown
23:23:17,10.141.108.45,10.141.108.114,TCP,54,50744,53,DNS
23:23:17,10.141.108.45,10.141.108.114,TCP,54,50910,53,DNS
23:23:17,10.141.108.114,10.141.108.45,TCP,54,53,50744,Unknown
23:23:17,10.141.108.114,10.141.108.45,TCP,54,53,50910,Unknown
23:23:17,10.141.108.45,10.141.108.114,TCP,54,50744,53,DNS
23:23:17,10.141.108.45,10.141.108.114,TCP,54,50910,53,DNS
23:23:18,10.141.108.45,13.89.179.13,TCP,54,60275,443,HTTPS
23:23:19,10.141.108.45,104.16.117.55,TCP,157,51233,443,HTTPS
23:23:19,10.141.108.45,104.16.117.55,TCP,93,51233,443,HTTPS
23:23:20,104.16.117.55,10.141.108.45,TCP,54,443,51233,Unknown
23:23:20,104.16.117.55,10.141.108.45,TCP,93,443,51233,Unknown
23:23:20,104.16.117.55,10.141.108.45,TCP,137,443,51233,Unknown
23:23:20,104.16.117.55,10.141.108.45,TCP,94,443,51233,Unknown
23:23:20,104.16.117.55,10.141.108.45,TCP,85,443,51233,Unknown
23:23:20,10.141.108.45,104.16.117.55,TCP,54,51233,443,HTTPS
23:23:20,10.141.108.45,104.16.117.55,TCP,89,51233,443,HTTPS
23:23:20,104.16.117.55,10.141.108.45,TCP,54,443,51233,Unknown
23:23:20,10.141.108.45,10.141.108.114,TCP,66,58266,53,DNS
23:23:20,10.141.108.45,10.141.108.114,TCP,66,56738,53,DNS
23:23:20,10.141.108.45,10.141.108.114,TCP,66,52061,53,DNS
23:23:20,10.141.108.114,10.141.108.45,TCP,66,53,58266,Unknown
23:23:20,10.141.108.114,10.141.108.45,TCP,66,53,56738,Unknown
23:23:20,10.141.108.114,10.141.108.45,TCP,66,53,52061,Unknown
23:23:20,10.141.108.45,10.141.108.114,TCP,54,58266,53,DNS
23:23:20,10.141.108.45,10.141.108.114,TCP,54,56738,53,DNS
23:23:20,10.141.108.45,10.141.108.114,TCP,54,52061,53,DNS
23:23:20,10.141.108.45,10.141.108.114,TCP,56,58266,53,DNS
23:23:20,10.141.108.45,10.141.108.114,TCP,98,58266,53,DNS
23:23:20,10.141.108.45,10.141.108.114,TCP,56,52061,53,DNS
23:23:20,10.141.108.45,10.141.108.114,TCP,98,52061,53,DNS
23:23:20,10.141.108.45,10.141.108.114,TCP,56,56738,53,DNS
23:23:20,10.141.108.45,10.141.108.114,TCP,98,56738,53,DNS
23:23:20,10.141.108.114,10.141.108.45,TCP,54,53,58266,Unknown
23:23:20,10.141.108.114,10.141.108.45,TCP,54,53,58266,Unknown
23:23:20,10.141.108.114,10.141.108.45,TCP,54,53,52061,Unknown
23:23:20,10.141.108.114,10.141.108.45,TCP,54,53,52061,Unknown
23:23:20,10.141.108.114,10.141.108.45,TCP,54,53,56738,Unknown
23:23:20,10.141.108.114,10.141.108.45,TCP,54,53,56738,Unknown
23:23:20,10.141.108.114,10.141.108.45,TCP,55,53,56738,Unknown
23:23:20,10.141.108.114,10.141.108.45,TCP,55,53,58266,Unknown
23:23:20,10.141.108.114,10.141.108.45,TCP,55,53,52061,Unknown
23:23:20,10.141.108.45,10.141.108.114,TCP,54,56738,53,DNS
23:23:20,10.141.108.114,10.141.108.45,TCP,173,53,56738,Unknown
23:23:20,10.141.108.45,10.141.108.114,TCP,54,56738,53,DNS
23:23:20,10.141.108.114,10.141.108.45,TCP,54,53,56738,Unknown
23:23:20,10.141.108.45,10.141.108.114,TCP,54,56738,53,DNS
23:23:20,10.141.108.45,10.141.108.114,TCP,54,58266,53,DNS
23:23:20,10.141.108.45,10.141.108.114,TCP,54,52061,53,DNS
23:23:20,10.141.108.114,10.141.108.45,TCP,173,53,58266,Unknown
23:23:20,10.141.108.114,10.141.108.45,TCP,283,53,52061,Unknown
23:23:20,10.141.108.45,10.141.108.114,TCP,54,52061,53,DNS
23:23:20,10.141.108.45,10.141.108.114,TCP,54,58266,53,DNS
23:23:20,10.141.108.45,142.251.37.142,UDP,1292,61231,443,HTTPS
23:23:20,10.141.108.45,142.251.37.142,UDP,1292,61231,443,HTTPS
23:23:20,10.141.108.45,142.251.37.142,UDP,123,61231,443,HTTPS
23:23:20,10.141.108.114,10.141.108.45,TCP,54,53,52061,Unknown
23:23:20,10.141.108.114,10.141.108.45,TCP,54,53,58266,Unknown
23:23:20,10.141.108.45,10.141.108.114,TCP,54,52061,53,DNS
23:23:20,10.141.108.45,10.141.108.114,TCP,54,58266,53,DNS
23:23:20,142.251.37.142,10.141.108.45,UDP,82,443,61231,Unknown
23:23:20,142.251.37.142,10.141.108.45,UDP,1292,443,61231,Unknown
23:23:20,10.141.108.45,142.251.37.142,UDP,1292,61231,443,HTTPS
23:23:20,142.251.37.142,10.141.108.45,UDP,1292,443,61231,Unknown
23:23:20,142.251.37.142,10.141.108.45,UDP,318,443,61231,Unknown
23:23:20,142.251.37.142,10.141.108.45,UDP,1008,443,61231,Unknown
23:23:20,142.251.37.142,10.141.108.45,UDP,67,443,61231,Unknown
23:23:20,142.251.37.142,10.141.108.45,UDP,1292,443,61231,Unknown
23:23:20,10.141.108.45,142.251.37.142,UDP,1292,61231,443,HTTPS
23:23:20,10.141.108.45,142.251.37.142,UDP,73,61231,443,HTTPS
23:23:20,10.141.108.45,142.251.37.142,UDP,461,61231,443,HTTPS
23:23:20,142.251.37.142,10.141.108.45,UDP,163,443,61231,Unknown
23:23:20,10.141.108.45,142.251.37.142,UDP,75,61231,443,HTTPS
23:23:20,142.251.37.142,10.141.108.45,UDP,71,443,61231,Unknown
23:23:20,10.141.108.45,142.251.37.142,UDP,75,61231,443,HTTPS
23:23:20,10.141.108.45,104.16.117.55,TCP,157,51233,443,HTTPS
23:23:20,142.251.37.142,10.141.108.45,UDP,309,443,61231,Unknown
23:23:20,142.251.37.142,10.141.108.45,UDP,232,443,61231,Unknown
23:23:20,10.141.108.45,142.251.37.142,UDP,79,61231,443,HTTPS
23:23:20,10.141.108.45,142.251.37.142,UDP,75,61231,443,HTTPS
23:23:20,104.16.117.55,10.141.108.45,TCP,54,443,51233,Unknown
23:23:20,104.16.117.55,10.141.108.45,TCP,114,443,51233,Unknown
23:23:20,104.16.117.55,10.141.108.45,TCP,94,443,51233,Unknown
23:23:20,104.16.117.55,10.141.108.45,TCP,85,443,51233,Unknown
23:23:20,10.141.108.45,104.16.117.55,TCP,54,51233,443,HTTPS
23:23:20,142.251.37.142,10.141.108.45,UDP,66,443,61231,Unknown
23:23:21,10.141.108.45,10.141.108.114,TCP,66,62930,53,DNS
23:23:21,10.141.108.45,10.141.108.114,TCP,66,65274,53,DNS
23:23:21,10.141.108.45,10.141.108.114,TCP,66,58330,53,DNS
23:23:21,10.141.108.114,10.141.108.45,TCP,66,53,62930,Unknown
23:23:21,10.141.108.114,10.141.108.45,TCP,66,53,65274,Unknown
23:23:21,10.141.108.114,10.141.108.45,TCP,66,53,58330,Unknown
23:23:21,10.141.108.45,10.141.108.114,TCP,54,62930,53,DNS
23:23:21,10.141.108.45,10.141.108.114,TCP,54,65274,53,DNS
23:23:21,10.141.108.45,10.141.108.114,TCP,54,58330,53,DNS
23:23:21,10.141.108.45,10.141.108.114,TCP,56,58330,53,DNS
23:23:21,10.141.108.45,10.141.108.114,TCP,87,58330,53,DNS
23:23:21,10.141.108.45,10.141.108.114,TCP,56,65274,53,DNS
23:23:21,10.141.108.45,10.141.108.114,TCP,87,65274,53,DNS
23:23:21,10.141.108.45,10.141.108.114,TCP,56,62930,53,DNS
23:23:21,10.141.108.45,10.141.108.114,TCP,87,62930,53,DNS
23:23:21,10.141.108.114,10.141.108.45,TCP,54,53,58330,Unknown
23:23:21,10.141.108.114,10.141.108.45,TCP,54,53,58330,Unknown
23:23:21,10.141.108.114,10.141.108.45,TCP,54,53,65274,Unknown
23:23:21,10.141.108.114,10.141.108.45,TCP,54,53,65274,Unknown
23:23:21,10.141.108.114,10.141.108.45,TCP,54,53,62930,Unknown
23:23:21,10.141.108.114,10.141.108.45,TCP,54,53,62930,Unknown
23:23:21,10.141.108.114,10.141.108.45,TCP,55,53,65274,Unknown
23:23:21,10.141.108.114,10.141.108.45,TCP,55,53,58330,Unknown
23:23:21,10.141.108.45,10.141.108.114,TCP,54,58330,53,DNS
23:23:21,10.141.108.45,10.141.108.114,TCP,54,65274,53,DNS
23:23:21,10.141.108.114,10.141.108.45,TCP,120,53,58330,Unknown
23:23:21,10.141.108.114,10.141.108.45,TCP,88,53,65274,Unknown
23:23:21,10.141.108.45,10.141.108.114,TCP,54,58330,53,DNS
23:23:21,10.141.108.45,10.141.108.114,TCP,54,65274,53,DNS
23:23:21,10.141.108.114,10.141.108.45,TCP,54,53,58330,Unknown
23:23:21,10.141.108.114,10.141.108.45,TCP,54,53,65274,Unknown
23:23:21,10.141.108.114,10.141.108.45,TCP,55,53,62930,Unknown
23:23:21,10.141.108.45,10.141.108.114,TCP,54,58330,53,DNS
23:23:21,10.141.108.45,10.141.108.114,TCP,54,65274,53,DNS
23:23:21,10.141.108.45,10.141.108.114,TCP,54,62930,53,DNS
23:23:21,10.141.108.45,23.155.96.128,TCP,54,51009,443,HTTPS
23:23:21,10.141.108.45,23.155.96.128,TCP,54,51009,443,HTTPS
23:23:21,10.141.108.45,104.16.118.55,TCP,66,61938,443,HTTPS
23:23:21,10.141.108.114,10.141.108.45,TCP,122,53,62930,Unknown
23:23:21,10.141.108.114,10.141.108.45,TCP,54,53,62930,Unknown
23:23:21,104.16.118.55,10.141.108.45,TCP,66,443,61938,Unknown
23:23:21,10.141.108.45,10.141.108.114,TCP,54,62930,53,DNS
23:23:21,10.141.108.45,104.16.118.55,TCP,54,61938,443,HTTPS
23:23:21,10.141.108.45,104.16.118.55,TCP,2018,61938,443,HTTPS
23:23:21,104.16.118.55,10.141.108.45,TCP,54,443,61938,Unknown
23:23:21,104.16.118.55,10.141.108.45,TCP,54,443,61938,Unknown
23:23:21,104.16.118.55,10.141.108.45,TCP,1429,443,61938,Unknown
23:23:21,10.141.108.45,104.16.118.55,TCP,118,61938,443,HTTPS
23:23:21,10.141.108.45,104.16.118.55,TCP,146,61938,443,HTTPS
23:23:21,10.141.108.45,104.16.118.55,TCP,381,61938,443,HTTPS
23:23:21,104.16.118.55,10.141.108.45,TCP,582,443,61938,Unknown
23:23:21,104.16.118.55,10.141.108.45,TCP,85,443,61938,Unknown
23:23:21,10.141.108.45,104.16.118.55,TCP,54,61938,443,HTTPS
23:23:21,10.141.108.45,104.16.118.55,TCP,85,61938,443,HTTPS
23:23:21,104.16.118.55,10.141.108.45,TCP,349,443,61938,Unknown
23:23:21,104.16.118.55,10.141.108.45,TCP,125,443,61938,Unknown
23:23:21,10.141.108.45,104.16.118.55,TCP,54,61938,443,HTTPS
23:23:21,10.141.108.45,10.141.108.114,TCP,66,49667,53,DNS
23:23:21,10.141.108.45,10.141.108.114,TCP,66,64290,53,DNS
23:23:21,10.141.108.45,10.141.108.114,TCP,66,62715,53,DNS
23:23:21,10.141.108.45,23.155.96.128,TCP,148,57495,443,HTTPS
23:23:21,10.141.108.45,23.155.96.128,TCP,93,57495,443,HTTPS
23:23:21,10.141.108.114,10.141.108.45,TCP,66,53,49667,Unknown
23:23:21,10.141.108.114,10.141.108.45,TCP,66,53,64290,Unknown
23:23:21,10.141.108.114,10.141.108.45,TCP,66,53,62715,Unknown
23:23:21,10.141.108.45,10.141.108.114,TCP,54,49667,53,DNS
23:23:21,10.141.108.45,10.141.108.114,TCP,54,64290,53,DNS
23:23:21,10.141.108.45,10.141.108.114,TCP,54,62715,53,DNS
23:23:21,10.141.108.45,10.141.108.114,TCP,56,49667,53,DNS
23:23:21,10.141.108.45,10.141.108.114,TCP,88,49667,53,DNS
23:23:21,10.141.108.45,10.141.108.114,TCP,56,64290,53,DNS
23:23:21,10.141.108.45,10.141.108.114,TCP,88,64290,53,DNS
23:23:21,10.141.108.45,10.141.108.114,TCP,56,62715,53,DNS
23:23:21,10.141.108.45,10.141.108.114,TCP,88,62715,53,DNS
23:23:21,10.141.108.114,10.141.108.45,TCP,54,53,49667,Unknown
23:23:21,10.141.108.114,10.141.108.45,TCP,54,53,49667,Unknown
23:23:21,10.141.108.114,10.141.108.45,TCP,54,53,64290,Unknown
23:23:21,10.141.108.114,10.141.108.45,TCP,54,53,64290,Unknown
23:23:21,10.141.108.114,10.141.108.45,TCP,54,53,62715,Unknown
23:23:21,10.141.108.114,10.141.108.45,TCP,54,53,62715,Unknown
23:23:21,104.16.118.55,10.141.108.45,TCP,54,443,61938,Unknown
23:23:21,10.141.108.114,10.141.108.45,TCP,55,53,49667,Unknown
23:23:21,10.141.108.114,10.141.108.45,TCP,55,53,64290,Unknown
23:23:21,10.141.108.114,10.141.108.45,TCP,55,53,62715,Unknown
23:23:21,10.141.108.45,10.141.108.114,TCP,54,49667,53,DNS
23:23:21,10.141.108.45,10.141.108.114,TCP,54,62715,53,DNS
23:23:21,10.141.108.45,10.141.108.114,TCP,54,64290,53,DNS
23:23:21,23.155.96.128,10.141.108.45,TCP,58,443,51009,Unknown
23:23:21,10.141.108.114,10.141.108.45,TCP,182,53,49667,Unknown
23:23:21,10.141.108.114,10.141.108.45,TCP,117,53,64290,Unknown
23:23:21,10.141.108.114,10.141.108.45,TCP,105,53,62715,Unknown
23:23:21,10.141.108.45,10.141.108.114,TCP,54,62715,53,DNS
23:23:21,10.141.108.45,10.141.108.114,TCP,54,64290,53,DNS
23:23:21,10.141.108.45,10.141.108.114,TCP,54,49667,53,DNS
23:23:21,10.141.108.114,10.141.108.45,TCP,54,53,62715,Unknown
23:23:21,10.141.108.114,10.141.108.45,TCP,54,53,64290,Unknown
23:23:21,10.141.108.114,10.141.108.45,TCP,54,53,49667,Unknown
23:23:21,10.141.108.45,10.141.108.114,TCP,54,62715,53,DNS
23:23:21,10.141.108.45,10.141.108.114,TCP,54,64290,53,DNS
23:23:21,10.141.108.45,10.141.108.114,TCP,54,49667,53,DNS
23:23:22,23.155.96.128,10.141.108.45,TCP,58,443,57495,Unknown
23:23:22,23.155.96.128,10.141.108.45,TCP,58,443,57495,Unknown
23:23:22,23.155.96.128,10.141.108.45,TCP,97,443,57495,Unknown
23:23:22,23.155.96.128,10.141.108.45,TCP,1272,443,57495,Unknown
23:23:22,23.155.96.128,10.141.108.45,TCP,552,443,57495,Unknown
23:23:22,10.141.108.45,23.155.96.128,TCP,54,57495,443,HTTPS
23:23:22,10.141.108.45,23.155.96.128,TCP,89,57495,443,HTTPS
23:23:22,10.141.108.45,10.141.108.114,TCP,66,57034,53,DNS
23:23:22,10.141.108.45,10.141.108.114,TCP,66,65033,53,DNS
23:23:22,10.141.108.45,10.141.108.114,TCP,66,65388,53,DNS
23:23:22,10.141.108.114,10.141.108.45,TCP,66,53,57034,Unknown
23:23:22,10.141.108.114,10.141.108.45,TCP,66,53,65033,Unknown
23:23:22,10.141.108.114,10.141.108.45,TCP,66,53,65388,Unknown
23:23:22,10.141.108.45,10.141.108.114,TCP,54,57034,53,DNS
23:23:22,10.141.108.45,10.141.108.114,TCP,54,65033,53,DNS
23:23:22,10.141.108.45,10.141.108.114,TCP,54,65388,53,DNS
23:23:22,10.141.108.45,10.141.108.114,TCP,56,57034,53,DNS
23:23:22,10.141.108.45,10.141.108.114,TCP,91,57034,53,DNS
23:23:22,10.141.108.45,10.141.108.114,TCP,56,65388,53,DNS
23:23:22,10.141.108.45,10.141.108.114,TCP,91,65388,53,DNS
23:23:22,10.141.108.45,10.141.108.114,TCP,56,65033,53,DNS
23:23:22,10.141.108.45,10.141.108.114,TCP,91,65033,53,DNS
23:23:22,10.141.108.114,10.141.108.45,TCP,54,53,57034,Unknown
23:23:22,10.141.108.114,10.141.108.45,TCP,54,53,57034,Unknown
23:23:22,10.141.108.114,10.141.108.45,TCP,54,53,65388,Unknown
23:23:22,10.141.108.114,10.141.108.45,TCP,54,53,65388,Unknown
23:23:22,10.141.108.114,10.141.108.45,TCP,54,53,65033,Unknown
23:23:22,10.141.108.114,10.141.108.45,TCP,54,53,65033,Unknown
23:23:22,10.141.108.114,10.141.108.45,TCP,55,53,65033,Unknown
23:23:22,10.141.108.45,10.141.108.114,TCP,54,65033,53,DNS
23:23:22,10.141.108.114,10.141.108.45,TCP,55,53,65388,Unknown
23:23:22,10.141.108.114,10.141.108.45,TCP,55,53,57034,Unknown
23:23:22,10.141.108.114,10.141.108.45,TCP,148,53,65033,Unknown
23:23:22,10.141.108.45,10.141.108.114,TCP,54,65033,53,DNS
23:23:22,10.141.108.114,10.141.108.45,TCP,54,53,65033,Unknown
23:23:22,10.141.108.45,10.141.108.114,TCP,54,65033,53,DNS
23:23:22,10.141.108.45,10.141.108.114,TCP,54,57034,53,DNS
23:23:22,10.141.108.45,10.141.108.114,TCP,54,65388,53,DNS
23:23:22,10.141.108.114,10.141.108.45,TCP,162,53,57034,Unknown
23:23:22,10.141.108.114,10.141.108.45,TCP,124,53,65388,Unknown
23:23:22,10.141.108.45,10.141.108.114,TCP,54,57034,53,DNS
23:23:22,10.141.108.45,10.141.108.114,TCP,54,65388,53,DNS
23:23:22,10.141.108.114,10.141.108.45,TCP,54,53,57034,Unknown
23:23:22,10.141.108.114,10.141.108.45,TCP,54,53,65388,Unknown
23:23:22,10.141.108.45,10.141.108.114,TCP,54,57034,53,DNS
23:23:22,10.141.108.45,10.141.108.114,TCP,54,65388,53,DNS
23:23:22,23.155.96.128,10.141.108.45,TCP,58,443,57495,Unknown
